Model_Name,Video_ID,Subject Consistency,Aesthetic Quality,Image Quality,Background Consistency,Dynamic Degree,Interaction Quality,Perspectivity,Instruction Following,Semantic Alignment,Action Following,Flow Score,Depth Accuracy,Trajectory Accuracy,Photometric Consistency,Motion Smoothness,JEPA Similarity
FlowWAMAdaptiveSeed1Train200,click_alarmclock_episode000023,0.8952624920755625,0.48538461327552795,0.6789287326954029,0.931298828125,0.2752367477542297,0.6,0.8,0.6,0.96582,,0.07713715312786094,1.0,0.3274342781612572,0.39905052999003127,0.6635748283010648,0.9723806381225586
FlowWAMAdaptiveSeed1Train200,click_alarmclock_episode000028,0.00998791326396704,0.3981153666973114,0.4737776433685679,0.010018725776174166,0.008682863092276887,0.2,0.8,0.2,0.936523,,0.002841895823496712,1.0,0.0,0.04097515226529715,0.3393825494630269,0.9723806381225586
FlowWAMAdaptiveSeed1Train200,click_alarmclock_episode000035,0.9059366215020418,0.3964533805847168,0.5817608797991717,0.94375,0.1944153670514976,0.6,1.0,0.8,0.970215,,0.05423545944452627,1.0,1.0,0.7325110372208536,0.5880723963388271,0.9723806381225586
FlowWAMAdaptiveSeed1Train200,click_alarmclock_episode000044,0.9243971191346645,0.35382184386253357,0.43872593396975673,0.944708251953125,0.14712268203392037,0.4,0.8,0.4,0.919434,,0.03676748333055131,0.9959149305137044,1.0,1.0,0.5389258910879243,0.9723806381225586
FlowWAMAdaptiveSeed1Train200,click_alarmclock_episode000048,0.934908464550972,0.4965970516204834,0.6269192660296404,0.9362762451171875,0.14688025021989487,0.4,0.8,0.4,0.921387,,0.03726942350536006,0.9990930019526071,0.32770352964214033,1.0,0.5504365522457001,0.9723806381225586
FlowWAMAdaptiveSeed1Train200,click_bell_episode000019,0.8531867653131485,0.4123196005821228,0.5135576483644085,0.91475830078125,0.18992651245303377,0.8,1.0,0.6,0.974121,,0.086400787385033,1.0,0.6306114456356783,0.44265391950234984,0.6580810721319417,0.9723806381225586
FlowWAMAdaptiveSeed1Train200,click_bell_episode000023,0.06510123578930926,0.38946670293807983,0.36096498795497567,0.0689130602120067,0.06077145332237446,0.8,1.0,1.0,0.969727,,0.02203697680333678,1.0,1.0,0.7433262525000417,0.4968098586880421,0.9723806381225586
FlowWAMAdaptiveSeed1Train200,click_bell_episode000027,0.8745593890547753,0.39236658811569214,0.5257945256174347,0.9228668212890625,0.1749510719095014,0.8,1.0,1.0,0.925293,,0.06081160102150433,1.0,0.34606158515690016,0.44556452115791145,0.617792428429357,0.9723806381225586
FlowWAMAdaptiveSeed1Train200,click_bell_episode000036,0.09736637707324056,0.31765908002853394,0.3589868003939405,0.10485192813703006,0.07155213142133163,0.4,0.8,0.4,0.938965,,0.030803746626737672,1.0,1.0,0.45892951996461606,0.5211909770853569,0.9723806381225586
FlowWAMAdaptiveSeed1Train200,click_bell_episode000039,0.0715284689934937,0.29080572724342346,0.36673213558432494,0.07451118010851411,0.036533300167352366,0.8,1.0,1.0,0.88916,,0.020217915974695626,1.0,1.0,0.7045256707123019,0.4716453269445249,0.9723806381225586
FlowWAMAdaptiveSeed1Train200,dump_bin_bigbin_episode000019,0.8154301650822162,0.3113899528980255,0.24036960236820173,0.9324981689453125,0.2291409016389418,0.6,0.8,0.8,0.929199,,0.06775772401582132,0.9935902301093219,0.37310912028197973,0.19370922331596904,0.5874912379301432,0.9723806381225586
FlowWAMAdaptiveSeed1Train200,dump_bin_bigbin_episode000021,0.7940967794507742,0.38383978605270386,0.3088543959017153,0.8970123291015625,0.3490911699573573,0.8,1.0,1.0,0.847656,,0.21715519104209124,1.0,0.1707788711019729,0.10439653018968291,0.7198239546925133,0.9723806381225586
FlowWAMAdaptiveSeed1Train200,dump_bin_bigbin_episode000036,0.8407304093241692,0.3349372446537018,0.22642105950249566,0.9406402587890625,0.26935532881948904,0.6,0.8,0.8,0.979492,,0.07714965154114765,1.0,0.7855044793655457,0.19021276024733869,0.6063899802778168,0.9723806381225586
FlowWAMAdaptiveSeed1Train200,dump_bin_bigbin_episode000042,0.8068120066076517,0.34582850337028503,0.28556865892292543,0.93017578125,0.2692522109177494,0.8,1.0,0.4,0.91748,,0.08491908476806884,1.0,0.4127869976012141,0.20244840229842548,0.614142723519234,0.9723806381225586
FlowWAMAdaptiveSeed1Train200,dump_bin_bigbin_episode000048,0.8451884459704161,0.3344539403915405,0.3716551859584855,0.9257537841796875,0.3962683055043958,0.6,0.8,0.4,0.997559,,0.29885548673195544,1.0,0.40483184021148483,0.07062256779957851,0.7718781960398111,0.9723806381225586
FlowWAMAdaptiveSeed1Train200,handover_mic_episode000005,0.7442737137898803,0.34277793765068054,0.4938825103383005,0.899127197265625,0.39765373820120675,0.8,0.8,1.0,0.908203,,0.25035321645115693,0.9925014463756238,1.0,0.1309242694704163,0.7038619800045222,0.9723806381225586
FlowWAMAdaptiveSeed1Train200,handover_mic_episode000020,0.7910695508122444,0.3183717429637909,0.5264716725290558,0.9041961669921875,0.36326847330414547,0.8,0.8,0.6,0.88916,,0.217199137678733,0.9318826763372948,1.0,0.1313070757786219,0.717274833880581,0.9723806381225586
FlowWAMAdaptiveSeed1Train200,handover_mic_episode000024,0.7822638085111976,0.33738839626312256,0.546332911974118,0.90765380859375,0.3814789038017113,0.8,0.8,0.6,0.885742,,0.2371488581695863,0.9798480137948075,0.8612131003084152,0.1408935886136263,0.746525226322067,0.9723806381225586
FlowWAMAdaptiveSeed1Train200,handover_mic_episode000036,0.7676769943907857,0.33784782886505127,0.5142300257270719,0.889312744140625,0.3888139183288435,0.6,0.8,0.4,0.941895,,0.28134187414843026,0.9929722717739797,0.29431634601263035,0.10550348407939877,0.7185917812434345,0.9723806381225586
FlowWAMAdaptiveSeed1Train200,handover_mic_episode000039,0.7442994410172105,0.35083529353141785,0.4911769610275457,0.8944854736328125,0.4116463206882658,0.6,0.8,0.8,0.851562,,0.25663454250655826,0.9877931923920642,0.06329857541489205,0.1300777788740023,0.7111675639207082,0.9723806381225586
FlowWAMAdaptiveSeed1Train200,handover_mic_episode000040,0.7928690545260906,0.31669047474861145,0.5243313247774855,0.907794189453125,0.35601761981609154,0.6,0.8,0.6,0.841309,,0.21164853393437377,0.9821432876117928,0.34336907034806874,0.13682875656103505,0.7353720053519626,0.9723806381225586
FlowWAMAdaptiveSeed1Train200,hanging_mug_episode000016,0.8137588702142239,0.371644526720047,0.41721993246196226,0.881488037109375,0.5959285845414293,0.8,0.8,0.6,0.931641,,0.6752519271489089,0.9883817241400091,0.8631468154893034,0.023175895131157226,0.8805109841914927,0.9723806381225586
FlowWAMAdaptiveSeed1Train200,hanging_mug_episode000020,0.7993804022669793,0.3829856216907501,0.3842581889070111,0.8395111083984375,0.530079900361648,0.8,0.8,0.4,0.891113,,0.7191949849209689,0.9670768748644023,0.5883879179517306,0.024675554100716528,0.868461576230429,0.9723806381225586
FlowWAMAdaptiveSeed1Train200,hanging_mug_episode000022,0.8033068627119064,0.359432190656662,0.44219649020536445,0.872918701171875,0.5799710985445123,0.8,0.8,0.6,0.942383,,0.8358268746519109,0.985027093176723,0.8257698144612522,0.0198687896776074,0.9273187170151094,0.9723806381225586
FlowWAMAdaptiveSeed1Train200,hanging_mug_episode000028,0.8006876699626446,0.3937232792377472,0.4250850616266698,0.8872039794921875,0.5675103067648575,0.8,0.8,0.6,0.915527,,0.7096707110306717,0.9849682400019285,0.4308023694130318,0.02973889943840394,0.88534431295333,0.9723806381225586
FlowWAMAdaptiveSeed1Train200,hanging_mug_episode000029,0.8146529890596866,0.3524985611438751,0.4721410247425974,0.8942138671875,0.6151896081285759,0.6,0.8,0.4,0.907227,,0.8078375900344659,1.0,0.3869878102511382,0.0227994769137831,0.8949957100081204,0.9723806381225586
FlowWAMAdaptiveSeed1Train200,hanging_mug_episode000034,0.8073660869151353,0.3628998398780823,0.420677687327067,0.8791351318359375,0.56337453074053,0.8,0.8,0.6,0.973633,,0.8180208397780062,0.9970331408347998,0.8937925294952759,0.016261165303296285,0.9065158952461015,0.9723806381225586
FlowWAMAdaptiveSeed1Train200,lift_pot_episode000004,0.9004518546164035,0.401437371969223,0.44264846424997584,0.943621826171875,0.21254019427709228,0.4,1.0,0.4,0.816406,,0.10145864139904484,0.9990635753652098,0.265824643853723,0.21153659308308373,0.6553525215939706,0.9723806381225586
FlowWAMAdaptiveSeed1Train200,lift_pot_episode000011,0.900083526968956,0.39688611030578613,0.4526366780128008,0.9327178955078125,0.21628852877625201,0.6,1.0,0.8,0.985352,,0.10193467717325831,1.0,1.0,0.12811059443761344,0.6628889735385166,0.9723806381225586
FlowWAMAdaptiveSeed1Train200,lift_pot_episode000015,0.8938231028616428,0.41418036818504333,0.44920665175826463,0.9238006591796875,0.23676309998301157,0.6,1.0,0.6,0.968262,,0.13121374978303021,0.9893822281115155,1.0,0.15889600438095638,0.6619841977044013,0.9723806381225586
FlowWAMAdaptiveSeed1Train200,lift_pot_episode000043,0.8854170963168144,0.3977679908275604,0.44574979287606703,0.9349578857421875,0.22577188947107976,0.4,0.8,0.4,0.922852,,0.10198514948574218,1.0,0.5955353208988103,0.1843917099836145,0.6318907267913728,0.9723806381225586
FlowWAMAdaptiveSeed1Train200,lift_pot_episode000047,0.8995961669832468,0.4151952266693115,0.4442655066501947,0.9358001708984375,0.21991661068890728,0.6,1.0,0.6,0.938965,,0.0987211685012133,0.9863807161969964,0.29889362118764384,0.17627328277445972,0.6738627387288,0.9723806381225586
FlowWAMAdaptiveSeed1Train200,lift_pot_episode000048,0.9028079606592655,0.42246726155281067,0.5026734305016788,0.9249420166015625,0.21568353634140863,0.4,0.8,0.4,0.971191,,0.12715293016030843,1.0,0.32310177705977383,0.23233457235469968,0.6929661538316334,0.9723806381225586
FlowWAMAdaptiveSeed1Train200,move_can_pot_episode000002,0.09512665476772877,0.38722699880599976,0.3870814624833472,0.09422240858598047,0.09847758003900534,0.6,0.8,0.8,0.890625,,0.024089230222331684,1.0,0.7354971361433397,0.8620868011522421,0.4828077088019619,0.9723806381225586
FlowWAMAdaptiveSeed1Train200,move_can_pot_episode000003,0.9299754783511162,0.4790504276752472,0.559416709240572,0.947686767578125,0.19120216500404769,0.8,1.0,0.4,0.827637,,0.052386136518267686,1.0,1.0,0.439310284149106,0.5566667556114764,0.9723806381225586
FlowWAMAdaptiveSeed1Train200,move_can_pot_episode000010,0.10517741234204143,0.3903297781944275,0.48392149772173093,0.10413287652850198,0.10259572728471031,0.8,1.0,1.0,0.945801,,0.02761836383514932,1.0,0.4131296813041563,0.7743777156906004,0.5057261770475932,0.9723806381225586
FlowWAMAdaptiveSeed1Train200,move_can_pot_episode000037,0.9011690873652697,0.4294980466365814,0.3221100891960992,0.95146484375,0.1769557531967348,1.0,1.0,1.0,0.89502,,0.053960058087165544,1.0,0.9695011504381456,0.3463068010612607,0.5692863135533094,0.9723806381225586
FlowWAMAdaptiveSeed1Train200,move_can_pot_episode000043,0.10178695057811947,0.40030115842819214,0.4005046938672478,0.10245615550019035,0.10239840935805414,0.8,1.0,1.0,0.900879,,0.026625961093499333,1.0,1.0,0.7081919872347782,0.48970542411607565,0.9723806381225586
FlowWAMAdaptiveSeed1Train200,move_can_pot_episode000044,0.10570440709099599,0.4371807873249054,0.566853803469811,0.1058527815444645,0.11060958791946798,0.8,1.0,1.0,0.976074,,0.029771002321191762,1.0,0.7326577568903901,0.6802104369888264,0.5103086037212575,0.9723806381225586
FlowWAMAdaptiveSeed1Train200,move_pillbottle_pad_episode000002,0.8835320737212896,0.3900494873523712,0.5134070883856879,0.9381011962890625,0.25085617756616024,0.8,1.0,1.0,0.94873,,0.08595397543355031,1.0,0.6007000538502962,0.3005055874259987,0.6669313916565689,0.9723806381225586
FlowWAMAdaptiveSeed1Train200,move_pillbottle_pad_episode000022,0.8852605983614922,0.38053205609321594,0.5059212559829523,0.939324951171875,0.1570054362202201,0.8,1.0,1.0,0.829102,,0.048063323877821154,0.9987104563164428,0.24734420130219809,0.581986829563058,0.5670564903521351,0.9723806381225586
FlowWAMAdaptiveSeed1Train200,move_pillbottle_pad_episode000023,0.9079337038099766,0.40573152899742126,0.5193671440783842,0.913165283203125,0.22046099263467483,0.8,1.0,1.0,0.941895,,0.07519656363055079,1.0,0.7737798012434522,0.32166585842943707,0.6022336055147958,0.9723806381225586
FlowWAMAdaptiveSeed1Train200,move_pillbottle_pad_episode000025,0.9160111080855131,0.3620584309101105,0.4598258359932605,0.9446014404296875,0.13231354663557848,0.8,1.0,1.0,0.922363,,0.03995535545298465,1.0,1.0,0.35960938386746516,0.5318401514766239,0.9723806381225586
FlowWAMAdaptiveSeed1Train200,move_pillbottle_pad_episode000043,0.8136080954223871,0.45959633588790894,0.5800080249927663,0.9018585205078125,0.32519810881774924,0.8,1.0,0.6,0.983398,,0.18951053379170332,1.0,0.8899985313555588,0.21938128619193462,0.7129669333601513,0.9723806381225586
FlowWAMAdaptiveSeed1Train200,move_pillbottle_pad_episode000047,0.8228592325001955,0.410124272108078,0.589436415684076,0.9104766845703125,0.34391013447728536,0.8,1.0,1.0,0.874512,,0.1503844214025649,1.0,0.32239193224653645,0.21175265801527973,0.7230199679209994,0.9723806381225586
FlowWAMAdaptiveSeed1Train200,move_playingcard_away_episode000003,0.8055509135127068,0.37032070755958557,0.377814033885061,0.887286376953125,0.32987549124284826,0.8,0.8,1.0,0.960938,,0.2654257014178126,1.0,0.5047241396191315,0.12817837552343414,0.7819905080888135,0.9723806381225586
FlowWAMAdaptiveSeed1Train200,move_playingcard_away_episode000008,0.8750837791711092,0.3682243525981903,0.46657958678257316,0.9299163818359375,0.23940403248554204,0.6,0.8,0.4,0.950684,,0.10907991767116053,1.0,0.40796494835267055,0.302030255279865,0.6961540805727774,0.9723806381225586
FlowWAMAdaptiveSeed1Train200,move_playingcard_away_episode000014,0.7955777440220118,0.36685845255851746,0.42519108360196334,0.8914215087890625,0.31384212574863696,0.8,1.0,1.0,0.881348,,0.27840849630066156,0.9835557638068606,0.24445586723454252,0.10852061288806791,0.7340412481704679,0.9723806381225586
FlowWAMAdaptiveSeed1Train200,move_playingcard_away_episode000028,0.8605317525565624,0.3834417760372162,0.45542228486802844,0.9074005126953125,0.2676261615357414,0.8,1.0,1.0,0.943359,,0.13686424751596377,0.9857333312742569,0.3192833015127038,0.31355724127748624,0.7012461863358251,0.9723806381225586
FlowWAMAdaptiveSeed1Train200,move_playingcard_away_episode000039,0.8850696235895157,0.3587120473384857,0.43252873055728863,0.9064178466796875,0.23154206274837036,0.6,0.8,0.4,0.942871,,0.15469713141495228,1.0,0.5713761198413864,0.157776652837783,0.7588390039759992,0.9723806381225586
FlowWAMAdaptiveSeed1Train200,move_playingcard_away_episode000041,0.843670754507184,0.36747628450393677,0.44456832085126713,0.9057098388671875,0.2731683490700329,0.8,0.8,1.0,0.939453,,0.14479167877732702,1.0,1.0,0.29058695849204813,0.7661499676539911,0.9723806381225586
FlowWAMAdaptiveSeed1Train200,move_stapler_pad_episode000016,0.8344916451722384,0.4170621633529663,0.4314728710975176,0.9148681640625,0.34038247539183597,0.6,0.8,0.4,0.871094,,0.17833519484189556,0.9897353471602826,0.5397757869486464,0.21253991708476921,0.7764436304610063,0.9723806381225586
FlowWAMAdaptiveSeed1Train200,move_stapler_pad_episode000019,0.8993411622941494,0.38470911979675293,0.32608602641541284,0.9495635986328125,0.2792349585144551,0.6,0.8,0.6,0.936035,,0.07009157044800358,0.9700783867789214,0.4449503108630734,0.31671923789163015,0.6337996226395664,0.9723806381225586
FlowWAMAdaptiveSeed1Train200,move_stapler_pad_episode000030,0.8483214396983385,0.34394386410713196,0.36518012058587723,0.8992462158203125,0.36395591120979215,0.6,0.8,0.6,0.954102,,0.1693568378822701,1.0,0.5088363440544378,0.20958905175836676,0.7224247034120941,0.9723806381225586
FlowWAMAdaptiveSeed1Train200,move_stapler_pad_episode000031,0.8626176249235868,0.40732672810554504,0.3824350922196,0.93365478515625,0.3557630045872992,0.8,1.0,1.0,0.999512,,0.11631639027511229,0.9941199086824724,0.35568120624663435,0.25509942147198555,0.7406767331032506,0.9723806381225586
FlowWAMAdaptiveSeed1Train200,move_stapler_pad_episode000034,0.8613421760499478,0.3860117495059967,0.3972042738361123,0.9457733154296875,0.3525207915017914,0.6,0.8,0.6,0.913086,,0.15339844208469516,1.0,1.0,0.21108257421263482,0.7091569434457274,0.9723806381225586
FlowWAMAdaptiveSeed1Train200,move_stapler_pad_episode000048,0.7992284659296274,0.37178754806518555,0.3980190352451654,0.9060943603515625,0.3975259785526565,0.6,0.8,0.4,0.872559,,0.24137029633783177,1.0,0.45031086307338325,0.11729310764545078,0.7955957609534114,0.9723806381225586
FlowWAMAdaptiveSeed1Train200,open_laptop_episode000000,0.7898818138986826,0.36029449105262756,0.46838344103024326,0.876617431640625,0.3040997809163106,0.6,0.8,0.8,0.910156,,0.15709069834010603,0.9620743550068703,0.6388603319136438,0.18670893643247596,0.584431580624664,0.9723806381225586
FlowWAMAdaptiveSeed1Train200,open_laptop_episode000003,0.7735564824193716,0.35161206126213074,0.48355452313835234,0.8321929931640625,0.29549559173093015,0.6,0.8,0.8,0.843262,,0.29275867335195144,0.975139759811248,0.9711656141381505,0.1229373715369801,0.6128453521610938,0.9723806381225586
FlowWAMAdaptiveSeed1Train200,open_laptop_episode000014,0.8439626727253199,0.38528287410736084,0.6312885058367693,0.9011505126953125,0.2790055037049107,0.8,1.0,1.0,0.848145,,0.13218573431220346,0.9922660336764457,0.8056738630244284,0.2595205071611364,0.5833978804378028,0.9723806381225586
FlowWAMAdaptiveSeed1Train200,open_laptop_episode000023,0.8591617330908775,0.37711700797080994,0.5587231817363221,0.90118408203125,0.2586565793397032,0.8,1.0,1.0,0.900879,,0.11677457232429307,1.0,0.2914524893523278,0.27851294782658753,0.5764912421264015,0.9723806381225586
FlowWAMAdaptiveSeed1Train200,open_laptop_episode000037,0.8002426698803902,0.3332560956478119,0.44331545982831794,0.9030670166015625,0.28789608216610263,0.8,1.0,1.0,0.824707,,0.19076794813201667,0.9787886566485067,0.8156116904097518,0.13377363664834688,0.620752822059545,0.9723806381225586
FlowWAMAdaptiveSeed1Train200,open_laptop_episode000047,0.7919001471251249,0.39326030015945435,0.4993904368082682,0.891278076171875,0.31972683733553653,0.8,1.0,1.0,0.960938,,0.18642834939312647,0.980495398717547,0.7520683409213297,0.1746632224858742,0.6406276409105445,0.9723806381225586
FlowWAMAdaptiveSeed1Train200,pick_diverse_bottles_episode000003,0.8672794412821532,0.42609772086143494,0.47419827661396546,0.93465576171875,0.3984426547278088,0.8,1.0,1.0,0.870605,,0.45137672776398957,1.0,0.3901453957996769,0.06435889510047617,0.7446346919217511,0.9723806381225586
FlowWAMAdaptiveSeed1Train200,pick_diverse_bottles_episode000017,0.856791453436017,0.44777587056159973,0.6129606934535651,0.94151611328125,0.42526038865802374,0.8,1.0,0.2,0.928223,,0.4162641489099587,1.0,0.8776129632349342,0.08153321890965079,0.7679500918130724,0.9723806381225586
FlowWAMAdaptiveSeed1Train200,pick_diverse_bottles_episode000018,0.8580465964972973,0.38980209827423096,0.4435536302166221,0.9363922119140625,0.40357041299264107,0.8,1.0,1.0,0.83252,,0.47066061754661204,1.0,0.3922994076467421,0.0657970383641964,0.7105802051707717,0.9723806381225586
FlowWAMAdaptiveSeed1Train200,pick_diverse_bottles_episode000019,0.8734574887901545,0.4633728265762329,0.601219997641481,0.9249908447265625,0.36212971753893364,0.8,1.0,0.4,0.957031,,0.32800085764585485,1.0,1.0,0.08350756558283721,0.6867299537491615,0.9723806381225586
FlowWAMAdaptiveSeed1Train200,pick_diverse_bottles_episode000037,0.8606391482055187,0.41383928060531616,0.5904661084398811,0.926513671875,0.3806310357084203,0.8,1.0,0.2,0.9375,,0.36191664113159805,1.0,1.0,0.08083235625316956,0.6860458534009911,0.9723806381225586
FlowWAMAdaptiveSeed1Train200,pick_diverse_bottles_episode000049,0.8628777142614126,0.4101431667804718,0.544721684867953,0.9149627685546875,0.3729584810043393,0.8,1.0,1.0,0.873535,,0.42279368093445147,1.0,0.3185000244774074,0.08327003449737826,0.7025715512485444,0.9723806381225586
FlowWAMAdaptiveSeed1Train200,pick_dual_bottles_episode000001,0.8432209096848965,0.4685328006744385,0.5416261355082194,0.9134735107421875,0.41634594158716365,0.8,1.0,1.0,0.791016,,0.39285498038165245,1.0,1.0,0.1124737803906507,0.7751353526076116,0.9723806381225586
FlowWAMAdaptiveSeed1Train200,pick_dual_bottles_episode000007,0.8789368972182274,0.39681997895240784,0.43312359586174104,0.946099853515625,0.401787980484408,0.8,1.0,0.4,0.89502,,0.4169012286656605,1.0,1.0,0.05021517424562512,0.6984594624498923,0.9723806381225586
FlowWAMAdaptiveSeed1Train200,pick_dual_bottles_episode000011,0.8308781702071428,0.45898252725601196,0.5337061434616277,0.9123504638671875,0.38015352625286686,0.8,1.0,1.0,0.855957,,0.36260087575538436,1.0,1.0,0.10317104265812858,0.7490705435776149,0.9723806381225586
FlowWAMAdaptiveSeed1Train200,pick_dual_bottles_episode000036,0.8460926372557879,0.44287633895874023,0.46222439024183487,0.930108642578125,0.3904303138694539,0.8,1.0,1.0,0.876953,,0.5525474091910788,1.0,1.0,0.0830231070288419,0.7488664612004298,0.9723806381225586
FlowWAMAdaptiveSeed1Train200,pick_dual_bottles_episode000038,0.8629882618784904,0.41958683729171753,0.47823775962547016,0.9346435546875,0.41683926924586423,0.8,1.0,1.0,0.939941,,0.5210613735977773,1.0,0.6202819797327067,0.05726932190628021,0.7384212936054215,0.9723806381225586
FlowWAMAdaptiveSeed1Train200,pick_dual_bottles_episode000047,0.8782241713255644,0.46740901470184326,0.5019661505428361,0.938446044921875,0.39260996184576674,0.8,1.0,1.0,0.898438,,0.3976391329110494,1.0,1.0,0.07878507176469532,0.714162036827437,0.9723806381225586
FlowWAMAdaptiveSeed1Train200,place_a2b_left_episode000006,0.8558131739497185,0.37478911876678467,0.48498127431045346,0.935504150390625,0.29083955736383665,0.6,0.8,0.4,0.777832,,0.11799412320953918,0.997297980121375,0.3072648945023743,0.3623685444739915,0.6866662728154725,0.9723806381225586
FlowWAMAdaptiveSeed1Train200,place_a2b_left_episode000012,0.8401764154434204,0.432981014251709,0.4270784794842756,0.9442230224609375,0.3190472576493989,0.8,1.0,0.4,0.869141,,0.11220919341712317,1.0,0.8563420962451657,0.2825849101505002,0.7037693903373009,0.9723806381225586
FlowWAMAdaptiveSeed1Train200,place_a2b_left_episode000023,0.828996530547738,0.34284284710884094,0.5042638536147129,0.876800537109375,0.3055286903924098,0.6,0.8,0.4,0.915039,,0.2025027800484537,1.0,0.4797816615264111,0.1722318503955191,0.7399012240011845,0.9723806381225586
FlowWAMAdaptiveSeed1Train200,place_a2b_left_episode000029,0.8423773501068353,0.4233245849609375,0.560798094007704,0.857061767578125,0.3368675350829677,0.8,1.0,0.8,0.894531,,0.19924902050809432,0.9982984840928815,0.5819014050031821,0.1650922478729177,0.7314634152216429,0.9723806381225586
FlowWAMAdaptiveSeed1Train200,place_a2b_left_episode000047,0.827301749959588,0.37892740964889526,0.5532610970956308,0.9289215087890625,0.3352870555591353,0.8,1.0,0.6,0.918945,,0.16613936914298089,1.0,0.6116659323444461,0.22485402100421592,0.7117446290571453,0.9723806381225586
FlowWAMAdaptiveSeed1Train200,place_a2b_left_episode000049,0.8366854693740606,0.43028759956359863,0.5527903361379365,0.8897430419921875,0.3456815249175421,0.8,1.0,0.4,0.967285,,0.18496265182593677,0.9925014463756238,1.0,0.1683254128052717,0.7003142710116455,0.9723806381225586
FlowWAMAdaptiveSeed1Train200,place_bread_basket_episode000017,0.7918789830058813,0.4457496404647827,0.6069033375492803,0.8449310302734375,0.4847335073904101,0.8,0.8,0.2,0.888184,,0.7341173994559175,0.9553650930802979,0.6252753708327214,0.04994933477591261,0.8465027387594547,0.9723806381225586
FlowWAMAdaptiveSeed1Train200,place_bread_basket_episode000024,0.8489422176033259,0.42897647619247437,0.5611764432177132,0.905853271484375,0.44639247776611624,0.8,1.0,0.4,0.931641,,0.4076337775974601,0.9918540614528844,0.4118813335291526,0.05386381876342161,0.776609806389123,0.9723806381225586
FlowWAMAdaptiveSeed1Train200,place_bread_basket_episode000028,0.8291510347276926,0.4386429190635681,0.4791483580035928,0.88349609375,0.4401461039309519,0.8,0.8,0.2,0.921387,,0.5815831667081525,0.9870869542945303,0.6019728790326528,0.03410545009962879,0.7690779869720772,0.9723806381225586
FlowWAMAdaptiveSeed1Train200,place_bread_basket_episode000036,0.7880998328328133,0.4522121250629425,0.4968863673269013,0.860186767578125,0.4767787290654681,0.8,0.8,0.2,0.82373,,0.7016256951573879,0.9920894741520623,0.8804768198952366,0.045730994024804746,0.8522043513854004,0.9723806381225586
FlowWAMAdaptiveSeed1Train200,place_bread_basket_episode000039,0.778072346188128,0.44881853461265564,0.5378350533379449,0.8742279052734375,0.45899450419261534,0.8,0.8,0.6,0.95752,,0.6485592090198206,0.984085442380011,0.6978753610417584,0.04835265197642109,0.8061584881529046,0.9723806381225586
FlowWAMAdaptiveSeed1Train200,place_bread_basket_episode000044,0.7765467761084437,0.44152921438217163,0.4674509521766945,0.8821136474609375,0.4453878349321849,0.8,1.0,0.4,0.911621,,0.6350346015670892,0.9660175177181014,1.0,0.049278586236164205,0.7965897722762763,0.9723806381225586
FlowWAMAdaptiveSeed1Train200,place_bread_skillet_episode000016,0.7849312584847212,0.4189748466014862,0.5354698296535162,0.8923187255859375,0.3905294197929126,0.8,1.0,0.6,0.927734,,0.25372882743198927,0.9956795178145265,0.9033142409555981,0.13850833022021136,0.7382393247190211,0.9723806381225586
FlowWAMAdaptiveSeed1Train200,place_bread_skillet_episode000023,0.8391549807041884,0.41122615337371826,0.5301117268315069,0.9256103515625,0.3613272886325901,0.6,0.8,0.6,0.884277,,0.2229045094107431,0.9959149305137044,0.7944387330493955,0.13537359357339002,0.7218057293551142,0.9723806381225586
FlowWAMAdaptiveSeed1Train200,place_bread_skillet_episode000030,0.7835874106734991,0.4153556525707245,0.5235448220335407,0.8924652099609375,0.4153606426599309,0.6,0.8,0.4,0.952637,,0.26777261531433605,0.9951204126539788,0.4270818034953738,0.12810237978302844,0.7425129238277943,0.9723806381225586
FlowWAMAdaptiveSeed1Train200,place_bread_skillet_episode000034,0.8388085620477795,0.42524728178977966,0.5097558504269447,0.905462646484375,0.36514400023078136,0.8,1.0,1.0,0.870605,,0.19804226536717728,1.0,1.0,0.13671346529132902,0.6785649758868628,0.9723806381225586
FlowWAMAdaptiveSeed1Train200,place_bread_skillet_episode000035,0.7905904458835721,0.4155232906341553,0.5060837813954294,0.8980194091796875,0.3990045920486246,0.8,1.0,1.0,0.905273,,0.2044676295385172,1.0,0.7837176286287757,0.11082973514225573,0.7359254428121399,0.9723806381225586
FlowWAMAdaptiveSeed1Train200,place_bread_skillet_episode000038,0.8241231180727482,0.416696161031723,0.5219861065899885,0.9160980224609375,0.37780940479506936,0.6,0.8,0.4,0.921875,,0.2335008393959323,0.9988870158408264,0.6903607969843835,0.14944631046334442,0.7243015274796685,0.9723806381225586
FlowWAMAdaptiveSeed1Train200,place_burger_fries_episode000005,0.8377048779278994,0.48471102118492126,0.5316068962473929,0.9011688232421875,0.42894484161126256,0.8,1.0,0.8,0.883301,,0.4107866168219814,1.0,0.8233710285406569,0.08176889250415885,0.7841459862128293,0.9723806381225586
FlowWAMAdaptiveSeed1Train200,place_burger_fries_episode000010,0.860272815823555,0.43724116683006287,0.6752974479581103,0.9035400390625,0.413485607433969,0.8,1.0,0.8,0.897949,,0.4178805032827843,1.0,1.0,0.08906988910374795,0.7465600467625477,0.9723806381225586
FlowWAMAdaptiveSeed1Train200,place_burger_fries_episode000032,0.8600228607654572,0.4342418611049652,0.675223075489939,0.9166900634765625,0.43513557125042934,0.8,1.0,1.0,0.883301,,0.4069181730084275,1.0,1.0,0.0970570476094826,0.7815752030763448,0.9723806381225586
FlowWAMAdaptiveSeed1Train200,place_burger_fries_episode000034,0.8511871468275786,0.3948708474636078,0.6856612429206754,0.9113128662109375,0.40201586856442606,0.8,1.0,0.6,0.875,,0.39779869000418866,1.0,0.9683262348852011,0.08544420216234865,0.7515446806249914,0.9723806381225586
FlowWAMAdaptiveSeed1Train200,place_burger_fries_episode000046,0.8610576409846544,0.47007277607917786,0.7322286831891095,0.893853759765625,0.4281395669549923,0.8,1.0,0.8,0.814453,,0.41988247603063356,1.0,0.7098448132373819,0.09791917890513098,0.8004486605231627,0.9723806381225586
FlowWAMAdaptiveSeed1Train200,place_burger_fries_episode000047,0.8621206436306238,0.44414371252059937,0.6957540045844184,0.916949462890625,0.41412142237993654,0.8,1.0,0.8,0.849609,,0.4083942027258684,1.0,1.0,0.07768574525207934,0.7679673774418897,0.9723806381225586
FlowWAMAdaptiveSeed1Train200,place_can_basket_episode000014,0.8803005658090115,0.4794851243495941,0.6481289258415316,0.89388427734375,0.41110090339642713,0.8,1.0,0.6,0.825684,,0.20316768535946028,1.0,1.0,0.12267573032579135,0.7065630757566478,0.9723806381225586
FlowWAMAdaptiveSeed1Train200,place_can_basket_episode000024,0.8789771731942893,0.4872880280017853,0.6575184296972958,0.900872802734375,0.40401030329358284,0.8,1.0,0.8,0.9375,,0.2124412726859146,1.0,1.0,0.11506990642687893,0.711941810484312,0.9723806381225586
FlowWAMAdaptiveSeed1Train200,place_can_basket_episode000029,0.8811378981918097,0.5125797986984253,0.6564306758362569,0.9307769775390625,0.42166799445806974,0.8,1.0,0.4,0.942871,,0.2201703558826567,1.0,0.9082586772409067,0.11615170171494874,0.7344481161571381,0.9723806381225586
FlowWAMAdaptiveSeed1Train200,place_can_basket_episode000030,0.895136684924364,0.4514351487159729,0.6821702184794861,0.9443115234375,0.36860781754949973,0.8,1.0,0.6,0.967773,,0.2103221533462752,1.0,0.08405541685024723,0.1282787104915062,0.6877766076481273,0.9723806381225586
FlowWAMAdaptiveSeed1Train200,place_can_basket_episode000031,0.890810851380229,0.4679733216762543,0.6560357256288881,0.924945068359375,0.34412955449786686,0.8,1.0,0.4,0.992188,,0.23991125652783513,1.0,0.624516571204778,0.09932120562405627,0.6740021599245534,0.9723806381225586
FlowWAMAdaptiveSeed1Train200,place_can_basket_episode000041,0.8796198308467865,0.465049147605896,0.6626041205135392,0.942938232421875,0.38011688364642526,0.8,1.0,0.4,0.783691,,0.2123356939497358,1.0,0.06733734762813923,0.135262025139006,0.6826525821562374,0.9723806381225586
FlowWAMAdaptiveSeed1Train200,place_container_plate_episode000012,0.9054758891463279,0.3922678232192993,0.4144692055973006,0.94219970703125,0.24097168156291476,0.8,1.0,1.0,0.892578,,0.09322259261788064,1.0,0.5360062662162823,0.5383270243054249,0.6341875916210898,0.9723806381225586
FlowWAMAdaptiveSeed1Train200,place_container_plate_episode000013,0.8610110107809306,0.38502252101898193,0.39397757730366273,0.933184814453125,0.24885621862493354,0.8,1.0,1.0,0.824707,,0.12172196989589464,0.9978276586945255,0.7505752190727959,0.3418263861122187,0.6668727854073627,0.9723806381225586
FlowWAMAdaptiveSeed1Train200,place_container_plate_episode000024,0.9210299097001553,0.35659343004226685,0.4108757442898221,0.940350341796875,0.19500831156229292,0.8,1.0,1.0,0.923828,,0.07384446035260128,0.9945318809060338,0.8962647476379302,0.5667267859257105,0.5909333414898665,0.9723806381225586
FlowWAMAdaptiveSeed1Train200,place_container_plate_episode000025,0.863344531878829,0.3963550925254822,0.36547619242727025,0.9275543212890625,0.2447203266951452,0.8,1.0,1.0,0.905273,,0.09816788428538704,1.0,0.7022568169579478,0.43363623188531286,0.6272595434048308,0.9723806381225586
FlowWAMAdaptiveSeed1Train200,place_container_plate_episode000030,0.909285644814372,0.37526434659957886,0.4415736622280545,0.9410919189453125,0.22575579605713694,0.8,1.0,1.0,0.972656,,0.08744811120374217,1.0,1.0,0.6295832158712911,0.5541496627903436,0.9723806381225586
FlowWAMAdaptiveSeed1Train200,place_container_plate_episode000040,0.8377669852226972,0.4217667877674103,0.4028277955231843,0.9067291259765625,0.24200751860888392,1.0,1.0,1.0,0.902832,,0.1303123421124593,1.0,0.9614725608263573,0.30797209594816444,0.6522733491156084,0.9723806381225586
FlowWAMAdaptiveSeed1Train200,place_dual_shoes_episode000006,0.8103418871760368,0.49696075916290283,0.6550203591805918,0.89599609375,0.4369774609811282,0.8,1.0,0.6,0.833008,,0.42213259124783137,1.0,0.9474225290057278,0.05927556167835698,0.7315509380059031,0.9723806381225586
FlowWAMAdaptiveSeed1Train200,place_dual_shoes_episode000009,0.8126932891085744,0.5033328533172607,0.6163691306408541,0.8954010009765625,0.49194673523694216,0.8,1.0,0.8,0.835938,,0.5814009947085571,1.0,0.29612767415675334,0.017374099554984427,0.8288463962298062,0.9723806381225586
FlowWAMAdaptiveSeed1Train200,place_dual_shoes_episode000022,0.8217330716550351,0.5212832093238831,0.6683670952879353,0.894024658203125,0.44391427763560853,0.8,1.0,0.6,0.835938,,0.4914079043149691,1.0,0.5273657414206687,0.051946104943579964,0.7716150969724277,0.9723806381225586
FlowWAMAdaptiveSeed1Train200,place_dual_shoes_episode000027,0.8282196991145611,0.5268556475639343,0.6316729015774197,0.8999114990234375,0.5000818102760425,0.8,1.0,1.0,0.911133,,0.46084617561858987,1.0,1.0,0.07143361042544012,0.8142855056405419,0.9723806381225586
FlowWAMAdaptiveSeed1Train200,place_dual_shoes_episode000030,0.829399380646646,0.5248727798461914,0.6680195019568926,0.9152496337890625,0.4704301978248081,0.8,1.0,0.8,0.841309,,0.4887724196477117,1.0,0.7377980124345229,0.06536957126493016,0.811830749567822,0.9723806381225586
FlowWAMAdaptiveSeed1Train200,place_dual_shoes_episode000038,0.8202913938090205,0.5190714001655579,0.6819342902854636,0.8902374267578125,0.505448319562839,1.0,1.0,1.0,0.949707,,0.4983626412939191,1.0,0.23170313800362263,0.06013044882672999,0.8346152375183085,0.9723806381225586
FlowWAMAdaptiveSeed1Train200,place_empty_cup_episode000013,0.8379630386829376,0.40274208784103394,0.4048178858815888,0.9434783935546875,0.22543295376428726,0.8,1.0,1.0,0.806152,,0.11366115908177843,1.0,0.3166397415185784,0.30296480260705866,0.6462011664106792,0.9723806381225586
FlowWAMAdaptiveSeed1Train200,place_empty_cup_episode000014,0.9017020277678967,0.3600018620491028,0.4470212901080096,0.9154144287109375,0.15995298368404415,0.8,1.0,1.0,0.946777,,0.06883595382283975,1.0,0.26619180496401823,0.41487946493052175,0.5804818834027957,0.9723806381225586
FlowWAMAdaptiveSeed1Train200,place_empty_cup_episode000019,0.8187243055552245,0.4333382248878479,0.48176623262005086,0.9321197509765625,0.2931332999817504,0.8,1.0,1.0,0.924805,,0.130126737459431,0.9893233749367211,1.0,0.3957013669678526,0.683288775441162,0.9723806381225586
FlowWAMAdaptiveSeed1Train200,place_empty_cup_episode000034,0.84082111120224,0.4069080054759979,0.41941977865901997,0.927880859375,0.23988350832446334,0.8,1.0,1.0,0.950684,,0.12174055678218278,1.0,1.0,0.32497314482021006,0.6272682586389281,0.9723806381225586
FlowWAMAdaptiveSeed1Train200,place_empty_cup_episode000047,0.9160645227879286,0.3234298527240753,0.4292737751242555,0.9537689208984375,0.14857983555842294,0.8,1.0,0.8,0.94873,,0.050788429285889815,1.0,0.9617907671219464,0.4475017416357776,0.598272806003045,0.9723806381225586
FlowWAMAdaptiveSeed1Train200,place_empty_cup_episode000048,0.8355306185781955,0.43923771381378174,0.4202234682624723,0.9327362060546875,0.20201015122498472,0.6,1.0,0.6,0.937012,,0.1385327811736899,0.9867338352457633,1.0,0.24307089477593405,0.6266744734174106,0.9723806381225586
FlowWAMAdaptiveSeed1Train200,place_fan_episode000003,0.8162875037640334,0.3722667396068573,0.3126937821470661,0.927581787109375,0.33676194414135463,0.8,1.0,1.0,0.928223,,0.136133974394678,1.0,0.5125813873794488,0.20263168123333689,0.7160126718784497,0.9723806381225586
FlowWAMAdaptiveSeed1Train200,place_fan_episode000004,0.8165312215685845,0.41635316610336304,0.33662699381510414,0.9304901123046875,0.3542413610971045,0.8,1.0,0.8,0.90918,,0.21226288524583833,0.9992695614769905,0.2516032701816224,0.2355923621657898,0.7617543364141235,0.9723806381225586
FlowWAMAdaptiveSeed1Train200,place_fan_episode000005,0.8587472468614579,0.3989936113357544,0.38009448133868934,0.9440673828125,0.31866031199701617,0.8,1.0,1.0,0.883301,,0.09433850803039195,0.9838500296808331,0.41702158907328535,0.2599376155453239,0.6691939756119621,0.9723806381225586
FlowWAMAdaptiveSeed1Train200,place_fan_episode000017,0.8272163152694703,0.4481319785118103,0.47589695282924327,0.9100830078125,0.30387756155658313,0.8,1.0,0.8,0.9375,,0.2149330459068806,0.9729033391690572,0.4235815342438929,0.20219210647725755,0.6908917598820571,0.9723806381225586
FlowWAMAdaptiveSeed1Train200,place_fan_episode000022,0.8630489997565747,0.36437082290649414,0.5031138846314984,0.92314453125,0.3070006203100795,0.8,1.0,0.8,0.987793,,0.11599439857419377,0.9958855039263071,0.4397611005042346,0.24465954448851787,0.6412899918200474,0.9723806381225586
FlowWAMAdaptiveSeed1Train200,place_fan_episode000044,0.7885017562657595,0.465614378452301,0.4395061495274673,0.878594970703125,0.32616739648778736,0.8,1.0,0.6,0.826172,,0.2950292253618692,0.9934430971723357,0.5507906202575024,0.1559206366769289,0.7135581277498076,0.9723806381225586
FlowWAMAdaptiveSeed1Train200,place_object_basket_episode000006,0.8769544336944819,0.4698432683944702,0.6805756142698688,0.9271453857421875,0.45682356971792143,0.8,1.0,1.0,0.831543,,0.2757036876589629,1.0,0.3834141087775983,0.09091018562645656,0.7822619640461322,0.9723806381225586
FlowWAMAdaptiveSeed1Train200,place_object_basket_episode000015,0.924915025755763,0.4425594210624695,0.7046726688337915,0.946466064453125,0.36907043184389093,1.0,1.0,1.0,0.967773,,0.21824254873869817,0.9998286666375382,1.0,0.13800982660896616,0.7040849005837654,0.9723806381225586
FlowWAMAdaptiveSeed1Train200,place_object_basket_episode000029,0.921917786821723,0.4476366341114044,0.6959861449253413,0.94287109375,0.40195580543045706,0.8,1.0,1.0,0.999512,,0.22715813384638114,1.0,0.7147892495226906,0.12954435447098023,0.7338600720986201,0.9723806381225586
FlowWAMAdaptiveSeed1Train200,place_object_basket_episode000033,0.9146590683609247,0.46727174520492554,0.6511884807068624,0.944525146484375,0.41621827549033696,0.8,1.0,0.8,0.89209,,0.20227226357107667,1.0,0.7595584275713516,0.12277199646458437,0.7241222597825896,0.9723806381225586
FlowWAMAdaptiveSeed1Train200,place_object_basket_episode000037,0.9184968762099743,0.48144248127937317,0.6084513398158697,0.9448455810546875,0.39800602870145096,0.8,1.0,0.6,0.90625,,0.290837898760623,1.0,0.8975620502276398,0.10078145339774185,0.727710541718276,0.9723806381225586
FlowWAMAdaptiveSeed1Train200,place_object_basket_episode000038,0.9090188223868608,0.46942955255508423,0.6694110460634585,0.9162353515625,0.4806331560578457,1.0,1.0,0.8,1.000977,,0.23162450869916246,1.0,0.6662995055563715,0.12001336627842046,0.7804353504534718,0.9723806381225586
FlowWAMAdaptiveSeed1Train200,place_object_scale_episode000006,0.897045886516571,0.3204950988292694,0.4440743064880371,0.93572998046875,0.3148138111479435,0.8,0.8,1.0,0.942871,,0.09082702701075411,0.9887348431887761,0.7042884417682479,0.19437711658706935,0.6670939289075706,0.9723806381225586
FlowWAMAdaptiveSeed1Train200,place_object_scale_episode000007,0.8578057084232569,0.41378509998321533,0.6621878042338807,0.9228668212890625,0.32742223773475476,0.8,1.0,1.0,0.90332,,0.1420611404254685,1.0,0.682234297743183,0.2787676941596053,0.6643597709866599,0.9723806381225586
FlowWAMAdaptiveSeed1Train200,place_object_scale_episode000029,0.871511210128665,0.47259852290153503,0.5101550066912616,0.9239013671875,0.3158974970911316,0.6,0.8,0.6,0.996094,,0.14474764087666822,1.0,1.0,0.1728565864871457,0.6537995636510788,0.9723806381225586
FlowWAMAdaptiveSeed1Train200,place_object_scale_episode000036,0.8437801592051983,0.450519323348999,0.5504689077683437,0.9227264404296875,0.30376146784484254,0.8,1.0,1.0,0.960449,,0.14810446836064806,1.0,0.5484407891516131,0.20204406125277957,0.6980138216950569,0.9723806381225586
FlowWAMAdaptiveSeed1Train200,place_object_scale_episode000048,0.9148501712828875,0.29285120964050293,0.5570498678419326,0.9399322509765625,0.17535220291330217,0.8,1.0,1.0,0.933105,,0.08399217255851013,1.0,0.14510207078866208,0.2913986774569921,0.5962467876233796,0.9723806381225586
FlowWAMAdaptiveSeed1Train200,place_object_stand_episode000008,0.8695472504943609,0.4119126498699188,0.5916489466914424,0.910986328125,0.30262270585979606,0.8,1.0,0.6,0.906738,,0.15680346192579084,1.0,0.3202623978068243,0.2457072835080018,0.6486673161983079,0.9723806381225586
FlowWAMAdaptiveSeed1Train200,place_object_stand_episode000013,0.8616122167557478,0.37379205226898193,0.5390969556643639,0.9307586669921875,0.2592009596717968,0.8,1.0,1.0,0.932129,,0.13490337231712876,1.0,0.43978557791158757,0.3180237375503802,0.6610597333415054,0.9723806381225586
FlowWAMAdaptiveSeed1Train200,place_object_stand_episode000028,0.9132014889270067,0.3366106450557709,0.570500382317437,0.9303070068359375,0.15449990226214472,0.8,1.0,1.0,0.899414,,0.10852295519062805,1.0,0.91259117834239,0.27774188449384546,0.5824188676833443,0.9723806381225586
FlowWAMAdaptiveSeed1Train200,place_object_stand_episode000036,0.8663757983595133,0.4174700677394867,0.6492266808027103,0.9128753662109375,0.30462563242162155,0.8,1.0,1.0,0.926758,,0.12194439475987733,1.0,1.0,0.31523082768328303,0.6625350395884266,0.9723806381225586
FlowWAMAdaptiveSeed1Train200,place_object_stand_episode000046,0.8920292407274246,0.38462498784065247,0.5683711558212469,0.93502197265625,0.2481295365419282,0.8,1.0,1.0,0.922363,,0.09169417223089177,1.0,1.0,0.33121621543409835,0.6221303131939547,0.9723806381225586
FlowWAMAdaptiveSeed1Train200,place_phone_stand_episode000007,0.821139195933938,0.39567437767982483,0.4055328364431122,0.8794097900390625,0.32638635608964595,0.8,1.0,1.0,0.916504,,0.11301808997564719,1.0,0.5163509081118128,0.19801562543679285,0.6983206622239192,0.9723806381225586
FlowWAMAdaptiveSeed1Train200,place_phone_stand_episode000013,0.9049398854374886,0.3054809868335724,0.46454379281879943,0.9507354736328125,0.17378487627577638,0.8,1.0,1.0,0.912109,,0.06604432177413477,1.0,0.7071033436138445,0.2844958666902482,0.6083445728586978,0.9723806381225586
FlowWAMAdaptiveSeed1Train200,place_phone_stand_episode000024,0.837298559769988,0.3716965317726135,0.44911626391940646,0.9309112548828125,0.3582875467827446,0.4,0.8,0.2,0.916016,,0.18934574767641407,0.974433521713714,0.38263083174230184,0.18777657497568348,0.7573229224744523,0.9723806381225586
FlowWAMAdaptiveSeed1Train200,place_phone_stand_episode000046,0.8989228181540966,0.3524908721446991,0.582325341966417,0.9169097900390625,0.2591923879704168,0.4,1.0,0.2,0.889648,,0.095950997272555,0.9854390654002845,0.5047486170264845,0.3051553516904687,0.6829563089182553,0.9723806381225586
FlowWAMAdaptiveSeed1Train200,place_phone_stand_episode000048,0.8603507753461599,0.31705036759376526,0.5093838336143964,0.883203125,0.28572246343190005,0.6,0.8,0.6,0.983398,,0.10798804420793963,0.9707846248764554,1.0,0.27747226149088,0.6674253461463129,0.9723806381225586
FlowWAMAdaptiveSeed1Train200,place_shoe_episode000003,0.8236436560750008,0.5230739116668701,0.6518488354153104,0.8775543212890625,0.36917517399817845,1.0,1.0,1.0,0.896484,,0.17809502604213046,0.9935019503471302,0.6565330200225192,0.19632698481040511,0.6600940013999967,0.9723806381225586
FlowWAMAdaptiveSeed1Train200,place_shoe_episode000010,0.8557614017277956,0.46837297081947327,0.6135191966869212,0.887921142578125,0.30636669654484594,1.0,1.0,1.0,0.893066,,0.15283288248660795,0.9989458690156209,1.0,0.3063512236188794,0.7100932367226299,0.9723806381225586
FlowWAMAdaptiveSeed1Train200,place_shoe_episode000012,0.8529834397137165,0.4789455235004425,0.629503941477081,0.898797607421875,0.3233978892923958,0.8,1.0,1.0,0.853516,,0.1592226251176041,0.997768805519731,0.9763793019043424,0.28388754189653836,0.6719671109748576,0.9723806381225586
FlowWAMAdaptiveSeed1Train200,place_shoe_episode000015,0.8277308143675327,0.4655887484550476,0.634135634339886,0.8737518310546875,0.3483407456757729,0.8,1.0,1.0,0.824219,,0.20700650600996007,1.0,0.5825867724090664,0.1887825355299005,0.7342710978284317,0.9723806381225586
FlowWAMAdaptiveSeed1Train200,place_shoe_episode000035,0.8417007084935904,0.4054267704486847,0.6477099105458202,0.90684814453125,0.2955122305063428,0.8,1.0,1.0,0.865234,,0.13842592239418444,0.996091490038088,1.0,0.31749248758523513,0.6351154795357966,0.9723806381225586
FlowWAMAdaptiveSeed1Train200,put_bottles_dustbin_episode000010,0.8234917219728232,0.35496973991394043,0.47569731724115066,0.9096588134765625,0.5153466491874908,0.6,0.8,0.4,0.897949,,0.4414461651366009,1.0,0.37719684730993297,0.02087788597327334,0.7882671256054531,0.9723806381225586
FlowWAMAdaptiveSeed1Train200,put_bottles_dustbin_episode000023,0.8106249753385782,0.3550584018230438,0.5212156484156479,0.877734375,0.463063345310429,0.6,0.8,0.4,0.899902,,0.4940874152784193,1.0,0.40059724873941355,0.019525274190429185,0.8373999419518185,0.9723806381225586
FlowWAMAdaptiveSeed1Train200,put_bottles_dustbin_episode000026,0.8179172143340111,0.38115838170051575,0.5205752688278387,0.875390625,0.5123669414858206,0.8,0.8,0.4,0.908691,,0.5919968073650804,1.0,0.4430165956821854,0.023178337518041794,0.8583512544699683,0.9723806381225586
FlowWAMAdaptiveSeed1Train200,put_bottles_dustbin_episode000032,0.8361642433330416,0.40453624725341797,0.524027939784674,0.896734619140625,0.5012791458900818,0.6,0.8,0.4,0.936035,,0.4344551637194128,1.0,0.2180447447006413,0.0316915039511582,0.7962395804043986,0.9723806381225586
FlowWAMAdaptiveSeed1Train200,put_bottles_dustbin_episode000033,0.8379914797842503,0.37540385127067566,0.4969551851719986,0.9067962646484375,0.49129664682883567,0.8,1.0,0.4,0.941406,,0.4269089034358864,1.0,0.8158319870759289,0.02462015831929063,0.7831696339117052,0.9723806381225586
FlowWAMAdaptiveSeed1Train200,scan_object_episode000018,0.8285471461713314,0.3473472595214844,0.43466285705566404,0.9253265380859375,0.43540444158343583,0.6,0.8,0.4,0.945312,,0.21194447529085533,0.9905004384326109,0.509203505164733,0.1260672405890626,0.7577098764777617,0.9723806381225586
FlowWAMAdaptiveSeed1Train200,scan_object_episode000026,0.842456866800785,0.3700580596923828,0.448523477860439,0.9182952880859375,0.4177890482235097,0.6,0.8,0.4,0.897949,,0.18329551688619372,0.9813193431646698,0.5065599451706075,0.1267503425402036,0.7456437859168572,0.9723806381225586
FlowWAMAdaptiveSeed1Train200,scan_object_episode000040,0.8169631835073232,0.3886851966381073,0.41512722297951027,0.890673828125,0.5198427180613858,0.6,0.8,0.4,0.915527,,0.38880125155654977,0.9744923748885086,0.6745728692416899,0.09917940503339433,0.8110306056924085,0.9723806381225586
FlowWAMAdaptiveSeed1Train200,scan_object_episode000042,0.7764433644711971,0.38502243161201477,0.4586002646552192,0.8866241455078125,0.49095706377578185,0.8,1.0,1.0,0.813965,,0.4419552272105694,0.9908535574813779,0.4513144367748568,0.08499992903393164,0.8261211648042522,0.9723806381225586
FlowWAMAdaptiveSeed1Train200,scan_object_episode000045,0.7935270834714174,0.42199137806892395,0.4073955269801764,0.896832275390625,0.47530246737266707,0.8,1.0,0.4,0.987793,,0.2726295268344125,1.0,0.7874626719537866,0.098714419904921,0.7584565587273682,0.9723806381225586
FlowWAMAdaptiveSeed1Train200,shake_bottle_episode000001,0.8203733373433352,0.34738245606422424,0.5132269164662302,0.905426025390625,0.3983013179131361,0.8,0.8,0.8,1.0,,0.12833596245117437,0.9408872120808524,1.0,0.20811099924049184,0.6891227047573648,0.9723806381225586
FlowWAMAdaptiveSeed1Train200,shake_bottle_episode000008,0.8397337097674609,0.32381805777549744,0.44070575054780936,0.887890625,0.3702205587602826,0.8,0.8,1.0,0.830078,,0.11827346347367537,0.9849682400019285,0.6336955989621579,0.212997178741339,0.690827773030628,0.9723806381225586
FlowWAMAdaptiveSeed1Train200,shake_bottle_episode000009,0.8230335243046284,0.32955846190452576,0.5010431751204125,0.9017791748046875,0.3894338288660596,0.6,0.8,0.4,0.807129,,0.10280620503085171,0.9623686208808427,1.0,0.3098655799464462,0.6362828361925241,0.9723806381225586
FlowWAMAdaptiveSeed1Train200,shake_bottle_episode000021,0.8373008646070957,0.29883265495300293,0.4790082587724851,0.90447998046875,0.28677542838021286,0.6,0.8,0.8,0.98584,,0.06523534961631308,0.9794360415712461,0.8145346844862192,0.3183372910770828,0.5844574247071731,0.9723806381225586
FlowWAMAdaptiveSeed1Train200,shake_bottle_episode000025,0.7850234106183052,0.37652647495269775,0.3729891631043988,0.8966796875,0.3976625290584517,0.8,1.0,1.0,0.984375,,0.14667936486058025,0.9954735317027457,0.7753953101287512,0.16937686896448234,0.7072608612609405,0.9723806381225586
FlowWAMAdaptiveSeed1Train200,shake_bottle_horizontally_episode000013,0.8537075098603963,0.3126460313796997,0.41882280961966806,0.9148773193359375,0.28908082571924715,0.8,0.8,0.6,0.873535,,0.06762340543125141,0.9537172041860521,1.0,0.31111432799605987,0.6008549337171398,0.9723806381225586
FlowWAMAdaptiveSeed1Train200,shake_bottle_horizontally_episode000017,0.827543930336833,0.30678486824035645,0.28470060631080907,0.9129425048828125,0.27162492495405993,0.6,0.8,0.4,0.909668,,0.0685819102231983,0.9935902301093219,1.0,0.17295561879119747,0.5879329326538494,0.9723806381225586
FlowWAMAdaptiveSeed1Train200,shake_bottle_horizontally_episode000039,0.8078567411750555,0.3077766001224518,0.3501753825905882,0.8813629150390625,0.38593131653861035,0.8,1.0,0.4,0.83252,,0.11092298703451683,0.9725502201202902,1.0,0.1252896417234977,0.6587654754061925,0.9723806381225586
FlowWAMAdaptiveSeed1Train200,shake_bottle_horizontally_episode000044,0.8309057917445898,0.3367190659046173,0.3860876453069993,0.8917938232421875,0.2538323469921867,0.8,0.8,0.4,0.90332,,0.07850372985205888,0.9511865176698888,1.0,0.22878540163841074,0.5961779865541311,0.9723806381225586
FlowWAMAdaptiveSeed1Train200,shake_bottle_horizontally_episode000049,0.8401258133351803,0.32954418659210205,0.43502899405397016,0.8999603271484375,0.3216219057040567,0.8,0.8,0.6,0.79834,,0.08170525492998461,0.940475239857291,1.0,0.36218293884230246,0.598253476900796,0.9723806381225586
FlowWAMAdaptiveSeed1Train200,stack_blocks_three_episode000001,0.8280606981366873,0.4613143503665924,0.4978779189969286,0.902520751953125,0.5586497187752724,0.8,1.0,1.0,0.80127,,0.6364277145511268,0.9537760573608466,0.7622019875654771,0.03505909200128935,0.9228276778560907,0.9723806381225586
FlowWAMAdaptiveSeed1Train200,stack_blocks_three_episode000021,0.8418615400791168,0.4593202471733093,0.46297849301938654,0.9048095703125,0.5312986092115031,1.0,1.0,1.0,0.943359,,0.6270100925298248,0.9620155018320757,1.0,0.02940098126574675,0.8910833823678481,0.9723806381225586
FlowWAMAdaptiveSeed1Train200,stack_blocks_three_episode000025,0.8285222478210926,0.454345703125,0.4655875973642608,0.9020843505859375,0.5901973350988605,0.8,1.0,0.8,0.843262,,0.617957678592493,0.975139759811248,0.38290008322318503,0.028200197517157678,0.933408448473675,0.9723806381225586
FlowWAMAdaptiveSeed1Train200,stack_blocks_three_episode000041,0.8343800812959671,0.4584454596042633,0.5175062608130184,0.905560302734375,0.5874302499708345,1.0,1.0,1.0,0.916016,,0.6337659132025304,0.9782001249005616,0.29260292749791944,0.03790186848260632,0.9115210772548686,0.9723806381225586
FlowWAMAdaptiveSeed1Train200,stack_blocks_three_episode000042,0.8330230735242367,0.4568164646625519,0.47341204396000613,0.8971923828125,0.5894837396564905,1.0,1.0,1.0,0.922363,,0.6186831608558326,0.9773761804534388,0.6937142017917463,0.029695383649513706,0.9190956423462328,0.9723806381225586
FlowWAMAdaptiveSeed1Train200,stack_blocks_two_episode000016,0.8522681657224893,0.4491361379623413,0.45041311146300517,0.9172119140625,0.39308257770533883,0.8,1.0,0.6,0.882324,,0.3251934079896257,0.9419465692271533,0.7974249767464631,0.11059005731050564,0.7615861542106304,0.9723806381225586
FlowWAMAdaptiveSeed1Train200,stack_blocks_two_episode000026,0.8354472368955612,0.430829793214798,0.41619183034072693,0.894036865234375,0.46786244647070996,0.8,1.0,0.6,0.86084,,0.49964079612604373,0.9798480137948075,0.13056249082097224,0.058039424065299404,0.8609160544657211,0.9723806381225586
FlowWAMAdaptiveSeed1Train200,stack_blocks_two_episode000028,0.854610338062048,0.44823843240737915,0.46101465107482154,0.9157196044921875,0.3860910329166748,0.8,1.0,0.4,0.958008,,0.3216218945526377,0.9402986803329074,0.22597542468301757,0.11020760437558573,0.7952775568027204,0.9723806381225586
FlowWAMAdaptiveSeed1Train200,stack_blocks_two_episode000031,0.8375896099954844,0.4506639540195465,0.41857622594009214,0.9190277099609375,0.4704581683581863,0.8,1.0,0.4,0.828125,,0.4015317052673097,0.9905004384326109,1.0,0.05661957116660984,0.8376077162533312,0.9723806381225586
FlowWAMAdaptiveSeed1Train200,stack_blocks_two_episode000037,0.8359392933547497,0.46600115299224854,0.45384093932163566,0.89736328125,0.48838523868147476,0.8,1.0,0.4,0.80957,,0.4007069442249819,0.9735507240917967,0.1583688255739952,0.07346225980000706,0.8452378460755953,0.9723806381225586
FlowWAMAdaptiveSeed1Train200,stack_bowls_two_episode000009,0.8879368528723717,0.3491387665271759,0.48984329694583095,0.9410369873046875,0.4637004474492564,1.0,1.0,1.0,0.904297,,0.2901482499095049,1.0,0.7271258628286092,0.08754353598236249,0.7798097044195328,0.9723806381225586
FlowWAMAdaptiveSeed1Train200,stack_bowls_two_episode000011,0.9028070975095034,0.3740808367729187,0.5221524316293222,0.9269622802734375,0.3767413013577515,0.8,1.0,0.6,0.961426,,0.2714240397341894,1.0,0.07409311205757087,0.09193933921396402,0.7472278065758368,0.9723806381225586
FlowWAMAdaptiveSeed1Train200,stack_bowls_two_episode000030,0.8935490757226944,0.3465869724750519,0.5096118917582948,0.9266876220703125,0.39287403753911054,0.8,1.0,0.8,0.90918,,0.277122519550267,1.0,0.11088265530914966,0.09134234646671929,0.7575946358770136,0.9723806381225586
FlowWAMAdaptiveSeed1Train200,stack_bowls_two_episode000031,0.8868890028446913,0.3739314675331116,0.5557813018045308,0.9223907470703125,0.552642092088595,0.8,1.0,1.0,0.973633,,0.33645615798035705,1.0,0.7400254565036471,0.09423437928383906,0.8299087331467332,0.9723806381225586
FlowWAMAdaptiveSeed1Train200,stack_bowls_two_episode000035,0.8918507196009159,0.3732559382915497,0.5516756952544789,0.936614990234375,0.4524018160065223,0.8,1.0,1.0,0.908691,,0.29857633231216346,1.0,0.09732217163558037,0.11390903574581036,0.8036833911556513,0.9723806381225586
FlowWAMAdaptiveSeed1Train200,stamp_seal_episode000018,0.8980096984654665,0.3845369517803192,0.3421742144926095,0.941961669921875,0.2242722003060286,0.6,0.8,0.4,0.928711,,0.07459830781820756,1.0,0.4235570568365398,0.34210149314609356,0.617719476324296,0.9723806381225586
FlowWAMAdaptiveSeed1Train200,stamp_seal_episode000025,0.8947564132511616,0.42318812012672424,0.29432349664193613,0.9420257568359375,0.2051261323433943,0.8,1.0,1.0,0.805176,,0.066488221329472,0.98944108128631,0.7567190483184021,0.3310441211723959,0.5846943343521053,0.9723806381225586
FlowWAMAdaptiveSeed1Train200,stamp_seal_episode000027,0.8224000301212072,0.4673103988170624,0.39371858973561985,0.9044342041015625,0.34141393049509583,0.8,1.0,1.0,0.96582,,0.14330713350365265,1.0,0.41104910167915015,0.2042323402561679,0.7406683023520062,0.9723806381225586
FlowWAMAdaptiveSeed1Train200,stamp_seal_episode000030,0.870440361276269,0.3381783068180084,0.438870041458695,0.9278472900390625,0.3174749805430249,0.8,1.0,0.8,0.960449,,0.12013719761952553,0.9920894741520623,0.5446712684192491,0.21017311058340246,0.6806064592857829,0.9723806381225586
FlowWAMAdaptiveSeed1Train200,stamp_seal_episode000040,0.8285328261554241,0.41504552960395813,0.4736734277230722,0.9202972412109375,0.3300838915362863,0.8,1.0,0.6,0.88916,,0.12148442804860665,0.9953852519405539,0.7400744113183532,0.23040335520646657,0.6906742040124243,0.9723806381225586
FlowWAMAdaptiveSeed1Train200,turn_switch_episode000015,0.10449208489436304,0.3443051874637604,0.34864733707757645,0.11063078277620339,0.11262020928367297,0.2,0.8,0.2,0.722168,,0.03923592170713403,0.9412403311296194,0.3744553776863955,0.4256073929562106,0.6185378248211327,0.9723806381225586
FlowWAMAdaptiveSeed1Train200,turn_switch_episode000018,0.9006571047008037,0.3394710421562195,0.4169261094081549,0.9455169677734375,0.12432955895207749,0.6,0.8,0.6,0.929688,,0.04207610832946508,1.0,1.0,0.42835177098883964,0.5767693443663451,0.9723806381225586
FlowWAMAdaptiveSeed1Train200,turn_switch_episode000032,0.9129324354231357,0.43617475032806396,0.48267576829886727,0.953118896484375,0.19191308904662172,0.2,0.8,0.2,0.970703,,0.07927829877605658,1.0,0.15011993929602976,0.3903421700513787,0.6992222143939371,0.9723806381225586
FlowWAMAdaptiveSeed1Train200,turn_switch_episode000034,0.8729403406381607,0.4918873608112335,0.4415469433348856,0.9396636962890625,0.2179954361269175,0.4,0.8,0.4,0.915527,,0.09299625956883288,0.9947084404304173,0.16644637000048954,0.4567601128796293,0.7178661790312145,0.9723806381225586
FlowWAMAdaptiveSeed1Train200,turn_switch_episode000049,0.8947067521512508,0.3505997061729431,0.3657167081479673,0.931585693359375,0.1532667918445449,0.4,0.8,0.4,0.868652,,0.07830342975384665,0.9806719582419304,0.0,0.3250593677187756,0.575244263801112,0.9723806381225586
